시간,ch0,ch1,ch2,ch3,ch4,ch5,ch6,ch7,yt0,yt1,yt2,yt3,LPF설정,R평균,출력샘플속도(S/s)
2025-09-25 19:50:14.338,-0.00015388135216198862,-2.024699278990738e-05,-0.00011382058437447995,-0.00011553405784070492,-7.509809802286327e-05,-0.00010586700227577239,0.00010284592281095684,-0.0006526787765324116,0.04404127225279808,-0.0003244606195949018,-0.007456583436578512,-0.04012561962008476,2500,4,10.0
