시간,ch0,ch1,ch2,ch3,ch4,ch5,ch6,ch7,yt0,yt1,yt2,yt3,LPF설정,R평균,출력샘플속도(S/s)
2025-09-25 20:02:28.120,0.00028271530754864216,-0.00020412143203429878,-0.00019679176330100745,-0.00020326308731455356,0.00041216902900487185,-9.656357724452391e-05,-8.584021270507947e-05,0.00011626306513790041,0.007073035929352045,-0.000702579622156918,0.03151310235261917,-0.0065875486470758915,2500,4,10.0
