시간,ch0,ch1,ch2,ch3,ch4,ch5,ch6,ch7,yt0,yt1,yt2,yt3,LPF설정,R평균,출력샘플속도(S/s)
2025-09-25 16:25:23.019,-0.000273347191978246,-0.00020705988572444767,-0.0003223542298655957,-0.00010920428030658513,5.600678559858352e-05,-1.6721982319722883e-05,-0.00011648012150544673,0.0002442441473249346,0.00603093346580863,0.02350468747317791,0.026247644796967506,-0.016078617423772812,2500,4,10.0
