시간,ch0,ch1,ch2,ch3,ch4,ch5,ch6,ch7,yt0,yt1,yt2,yt3,LPF설정,R평균,출력샘플속도
2025-09-22 14:25:17.082,219827.796875,137003.453125,327675.9375,0.0007159917149692774,327675.9375,0.0013208120362833142,327675.9375,0.0008502706186845899,-0.0768585205078125,-6.496996879577637,-6.297886371612549,-6.443985939025879,2500,4,100.0
