시간,ch0,ch1,ch2,ch3,ch4,ch5,ch6,ch7,yt0,yt1,yt2,yt3,LPF설정,R평균,출력샘플속도
2025-09-22 14:16:46.903,291589.65625,288326.3125,327675.9375,0.0007023434736765921,327675.9375,0.0013204353163018823,327675.9375,0.0008391359588131309,-0.07685408741235733,-6.497138977050781,-6.294805526733398,-6.445087909698486,2500,4,100.0
