시간,ch0,ch1,ch2,ch3,ch4,ch5,ch6,ch7,yt0,yt1,yt2,yt3,LPF설정,R평균,출력샘플속도(S/s)
2025-09-24 16:29:08.885,0.00044828990940004587,0.7390117645263672,327675.90625,0.0006561501650139689,327675.90625,0.0011664688354358077,327675.90625,0.0008581075817346573,-0.16085462272167206,0.43492206931114197,0.42242854833602905,0.4290951192378998,2500,4,10.0
