시간,샘플링 속도(kS/s),블록 크기(samples),블록 시간(ms),블록 처리량(blocks/s),실제 처리량(kS/s/ch)
2025-09-26 00:26:11,1000000.0,16384,7.142305374145508,140.01081550221986,286.7421501485463
