시간,샘플링 속도(kS/s),블록 크기(samples),블록 시간(ms),블록 처리량(blocks/s),실제 처리량(kS/s/ch)
2025-09-26 01:46:31,1000.0,16384,47.65582084655762,20.98379552037942,343.7985058058964
