시간,샘플링 속도(kS/s),블록 크기(samples),블록 시간(ms),블록 처리량(blocks/s),실제 처리량(kS/s/ch)
2025-09-26 00:09:50,1000000.0,16384,10.701179504394531,93.44764281258355,1531.046179841369
